"content_id","question_or_title","all_choices","correct_answer_number","explanation_or_body","recorded_source","recorded_url","related_child_ids"
"81","感染症法に基づく、一類から四類感染症又は新型インフルエンザ等感染症の病原体に汚染された場所の消毒等について、正しいものはどれか。","1.感染症のまん延防止のため、病原体に汚染され、又は汚染された疑いがある場所の消毒等が命じられることがある | 2.感染症のまん延防止のため、病原体による汚染が確認された場所に限り、消毒等が命じられることがある | 3.感染症のまん延防止のため、病原体に汚染された場所の所有者が同意した場合に限り、消毒等が命じられる | 4.感染症のまん延防止のため、病原体に汚染された物件を対象として、場所の消毒等が命じられる","1","・根拠：感染症法第27条
・判断基準：感染症法第27条は、感染症の病原体に汚染され、又は汚染された疑いがある場所の消毒等を定める。汚染の確認済みの場合だけに限定せず、場所の所有者の同意を要件とするものでも、対象を物件だけとするものでもない。
・注意点：主体、対象、要件、数値、期間、原則と例外を区別して判断する。","厚生労働省「感染症情報」・感染症法","https://www.mhlw.go.jp/stf/seisakunitsuite/bunya/kenkou_iryou/kenkou/kekkaku-kansenshou/index.html","A-OTHER-00F6B43233-01|A-OTHER-882EBA46E1-01"
"83","感染症法に基づく、一類から四類感染症又は新型インフルエンザ等感染症の病原体に汚染された物件の措置について、正しいものはどれか。","1.病原体による汚染が確認された物件には消毒及び廃棄を行えるが、汚染の疑いがある物件には移動制限のみを行う | 2.感染症の病原体に汚染された物件について、消毒の措置はとられるが、移動制限や廃棄の措置はとられない | 3.感染症の病原体に汚染され、又は汚染された疑いがある物件について、移動制限、消毒、廃棄等の措置がとられることがある | 4.感染症の病原体に汚染された物件であっても、患者本人が所有する物件は措置の対象にならない","3","・根拠：感染症法第29条
・判断基準：感染症法第29条は、感染症の病原体に汚染され、又は汚染された疑いがある物件について、移動制限、消毒、廃棄等の必要な措置を定める。汚染疑いの物件や患者本人の所有物を一律に除外する規定ではなく、措置を消毒だけに限定するものでもない。 汚染された疑いがある物件も対象となり得て、措置を移動制限に限定する規定ではない。
・注意点：主体、対象、要件、数値、期間、原則と例外を区別して判断する。","厚生労働省「感染症情報」・感染症法","https://www.mhlw.go.jp/stf/seisakunitsuite/bunya/kenkou_iryou/kenkou/kekkaku-kansenshou/index.html","A-OTHER-8F02C90A39-01|A-OTHER-9115B41714-01"
"","消毒方法","","","理容師法施行規則 第二十五条。器具の種類や汚染状況に応じ、煮沸、エタノール、次亜塩素酸ナトリウム等で消毒。","","","A-OTHER-44ECB0EC48-01|A-OTHER-F41EA74C00-01|A-OTHER-869F9B2824-01|A-OTHER-CCEE8AD20C-01|A-OTHER-54196F9855-01"
"","","","","","","","A-OTHER-3DB12095DA-01|A-OTHER-361E3437C9-02|A-OTHER-59C9925E59-01|A-OTHER-B4846BD802-02|A-OTHER-9F605D21A2-01|A-OTHER-621A9CB970-01|A-OTHER-83E207217D-02|A-OTHER-272AD2835B-01|A-OTHER-7DCA6C1BFA-01|A-OTHER-79ECFC4F4A-01|A-OTHER-4275688EAC-03|A-OTHER-4275688EAC-04|A-OTHER-A9D57F0B80-01|A-OTHER-C640FC28B1-01|A-OTHER-4D8C5F1523-01|A-OTHER-BA8AAB97F0-03|A-OTHER-BA8AAB97F0-04|A-OTHER-BA8AAB97F0-05|A-OTHER-049A3DC806-01|A-OTHER-A561A34EB7-01|A-OTHER-93C8C24E55-01|A-OTHER-4EFBB6A60F-01|A-OTHER-51E77BFFEE-01|A-OTHER-A5BA5F005D-01|A-OTHER-1E0518A0C0-03|A-OTHER-39035B04C3-01|A-OTHER-6D5787FC2F-01|A-OTHER-0889A8C9E0-01|A-OTHER-572156FEFB-05|A-OTHER-F0DDB82CEC-01|A-OTHER-F7B2D9FCBD-01|A-OTHER-B1D457186E-01|A-OTHER-CAFB16947D-01|A-OTHER-EF053A2847-01|A-OTHER-4F4A2C1C9E-01|A-OTHER-C70B4ADFC8-01|A-OTHER-03421A13DA-01|A-OTHER-DADB481EDA-01|A-OTHER-573FE26FDC-01|A-OTHER-41207CD4B3-01|A-OTHER-890EE7A6D6-01|A-OTHER-890EE7A6D6-02|A-OTHER-890EE7A6D6-03|A-OTHER-890EE7A6D6-05|A-OTHER-FD0C3008F9-01|A-OTHER-ADDAD39350-02|A-OTHER-23B8F83C3D-02|A-OTHER-79701220D8-01|A-OTHER-79701220D8-04|A-OTHER-5FA67288CF-01|A-OTHER-5FA67288CF-02|A-OTHER-0CB05EF95F-01|A-OTHER-0CB05EF95F-02|A-OTHER-7ACACB892F-05|A-OTHER-EFB1BB0ADE-02|A-OTHER-ADE64977B3-02|A-OTHER-3702D4CA68-02|A-OTHER-69D3EA1470-02|A-OTHER-196566A8E3-02|A-OTHER-470C11BFAD-02|A-OTHER-B2DE158405-01|A-OTHER-791BBE20FF-01|A-OTHER-791BBE20FF-02|A-OTHER-1913C5DEC0-01|A-OTHER-1913C5DEC0-02|A-OTHER-15AD280D80-01|A-OTHER-15AD280D80-02|A-OTHER-98442188FF-01|A-OTHER-98442188FF-02|A-OTHER-B4D97F5559-04|A-OTHER-3D6782FA3A-01|A-OTHER-CA8B6B1CFA-01|A-OTHER-72D5809E0C-04|A-OTHER-5BD880E9FB-01|A-OTHER-EB3C57A7CB-01|A-OTHER-554875BBCA-01|A-OTHER-261B940573-01|A-OTHER-361E3E65E9-01|A-OTHER-1E0F4F43D9-01|A-OTHER-FC27D3FA0F-01|A-OTHER-3F7A3D73F5-01|A-OTHER-B39DF7E64B-01|A-OTHER-CB0DD75C85-01|A-OTHER-1A2992EAEE-01|A-OTHER-F0BD8E9E23-01|A-OTHER-627129B2D1-01|A-OTHER-9FB7FD298F-01|A-OTHER-F1C0F5562B-01|A-OTHER-665D9E63B0-01|A-OTHER-0246BDD4E3-01|A-OTHER-8AB435249F-01|A-OTHER-AE69B432E9-01|A-OTHER-478170E41C-01|A-OTHER-577855814B-01|A-OTHER-CF5891A471-01|A-OTHER-CF5891A471-02|A-OTHER-9F654DA99D-01"
"162","手洗いに関して、出張理容で携行すべきものはどれか。","1.石ケン及び使い捨て手袋を携行し、消毒液は出張先の設備を使用する | 2.手洗いに必要な石ケン、消毒液等 | 3.石ケン及び消毒液を携行し、流水設備は出張先にあることを事前に確認する | 4.手指消毒剤及び使い捨て手袋を携行し、流水設備がない場合は手指消毒で代替する","2","・根拠：第3の5
・判断基準：衛生管理要領第3の5は、手洗いに必要な石ケン、消毒液等を携行することと定めている。したがって 携行品として求められるのは、手洗いに必要な石ケン、消毒液等である。出張先の備品や手袋によって必要な携行品を代替するものではない。
・注意点：主体、対象、要件、数値、期間、原則と例外を区別して判断する。","理容師法・理容師法施行規則","https://laws.e-gov.go.jp/law/322AC0000000234","A-OTHER-23EDE5CC42-01|A-OTHER-D2962E1C22-01|A-OTHER-206C4CAF34-01|A-OTHER-FA2E5294C1-01"
"","第3　携行品等","","","第3 携行品等 出張理容・出張美容を行う際には、次の器具等を携行すること。 1 洗浄及び消毒済みのはさみ等の理容器具・美容器具と、これらを衛生的 かつ安全に収納できるもの 2 使用済みのはさみ等の理容器具・美容器具を、安全に収納できるもの 3 消毒された布片類・タオルと、これらを衛生的に収納できるもの 4 外傷に対する救急処置に必要な薬品及び衛生材料 5 手洗いに必要な石ケン、消毒液等","","","A-OTHER-268824F530-01"
"164","次の記述のうち、出張理容・出張美容の作業場及び携行品の管理について正しいものの組合せはどれか。



a. 作業終了後は、作業場の清掃を十分に行い、清潔にする。

b. 洗浄及び消毒済みの器具類等は、使用済みのものと区別して保管する。

c. 同じ場所で複数の客を扱う場合は、器具の交換時に作業場を清掃する。

d. 使用済み器具は、表面を拭き取れば洗浄及び消毒済み器具と同じ収納ケースに保管してよい。","1.c・d | 2.a・c | 3.a・b | 4.a・d","3","・根拠：第4の1（2）、第4の2（1）
・判断基準：同要領第4の1（2）は、作業終了後に作業場の清掃を十分行い、清潔にすることを定める。また、第4の2（1）は、洗浄及び消毒済みの器具類等を使用済みのものと区別して保管することを定める。 作業終了後は作業場を十分に清掃して清潔にし、洗浄・消毒済み器具と使用済み器具を区別する。器具交換時の清掃に置き換えるものではない。
・注意点：主体、対象、要件、数値、期間、原則と例外を区別して判断する。","理容師法・理容師法施行規則","https://laws.e-gov.go.jp/law/322AC0000000234","A-OTHER-0B0F4E447A-02|A-OTHER-0B0F4E447A-03"
"165","洗浄・消毒済みの器具類と使用済みの器具類の管理について、正しいものはどれか。","1.洗浄及び消毒済みの器具類等は、使用済みのものと区別して保管する | 2.洗浄及び消毒済みの器具は、使用済み器具と同じケース内で重ならないように保管する | 3.使用済み器具を密封袋に入れれば、洗浄及び消毒済み器具と同じ収納部に保管してよい | 4.洗浄及び消毒済み器具と使用済み器具の区別は、血液付着が疑われる場合に限って行う","1","・根拠：第4の2（1）
・判断基準：衛生管理要領第4の2（1）は、洗浄及び消毒済みの器具類等を、使用済みのものと区別して保管することと定めている。したがって
・注意点：主体、対象、要件、数値、期間、原則と例外を区別して判断する。","理容師法・理容師法施行規則","https://laws.e-gov.go.jp/law/322AC0000000234","A-OTHER-FA5A8B7540-01|A-OTHER-36C8E10A97-01|A-OTHER-6D46A9A261-01|A-OTHER-F054FA1068-01"
"172","皮膚に接する器具類の使用について、正しいものはどれか。","1.同じ世帯の客に続けて使用する場合は、洗浄後に清潔な収納部へ保管して使用する | 2.使用前に消毒した器具は、皮膚の状態に異常がない客に続けて使用できる | 3.皮膚に接する器具は客1人ごとに洗浄し、かみそり及び血液付着器具を消毒する | 4.客1人ごとに消毒した清潔なものを使用する","4","・根拠：第5の5、第5の6
・判断基準：衛生管理要領第5の5は、皮膚に接する器具類について、客1人ごとに消毒した清潔なものを使用することと定めている。また、第5の6は使用後の洗浄及び消毒を求めている。したがって 皮膚に接する器具は、世帯や皮膚状態にかかわらず、客1人ごとに消毒した清潔なものを使用する。
・注意点：主体、対象、要件、数値、期間、原則と例外を区別して判断する。","理容師法・理容師法施行規則","https://laws.e-gov.go.jp/law/322AC0000000234","A-OTHER-345DBB1556-01|A-OTHER-07B239B543-01|A-OTHER-EDF9670CB6-01"
"175","蒸しタオルの取扱いについて、正しいものはどれか。","1.蒸気で十分に温めたタオルは、その前に消毒していなくても使用できる | 2.消毒済みの蒸しタオルは、使用済みタオルと仕切りのない同じ容器に保管できる | 3.消毒済みのものを使用する | 4.蒸しタオルは、皮膚に直接触れない用途であれば消毒前のものを使用できる","3","・根拠：第5の9
・判断基準：衛生管理要領第5の9は、蒸しタオルについて消毒済みのものを使用することと定めている。温度や用途によって消毒を省略することはできないため、
・注意点：主体、対象、要件、数値、期間、原則と例外を区別して判断する。","理容師法・理容師法施行規則","https://laws.e-gov.go.jp/law/322AC0000000234","A-OTHER-AA97CDA0FF-01"
"183","営業者又は衛生管理責任者が作成・周知すべきものとして、正しいものはどれか。","1.出張先の設備条件及び作業環境を記録し、器具の取扱いは従業者が出張先ごとに決定する手順書 | 2.器具の取扱い、消毒及び携行品の管理に関する手順書を作成し、作業環境の管理は出張先の施設管理者に委ねる | 3.出張理容・出張美容に係る具体的な衛生管理要領 | 4.利用者の要望に応じた衛生管理要領を作成し、内容は衛生管理責任者へ周知する","3","・根拠：第7の2
・判断基準：衛生管理要領第7の2は、営業者又は衛生管理責任者が、出張理容・出張美容に係る具体的な衛生管理要領を作成し、従業員に周知徹底することとしている。したがって 具体的な衛生管理要領は、作業環境、器具、携行品等を含めて作成し、従業者へ周知徹底する。出張先や利用者の判断に委ねるものではない。
・注意点：主体、対象、要件、数値、期間、原則と例外を区別して判断する。","理容師法・理容師法施行規則","https://laws.e-gov.go.jp/law/322AC0000000234","A-OTHER-A11498B27E-01"
"190","血液が付着している疑いのない器具の消毒方法として、正しいものはどれか。","1.血液付着の疑いがなければ、洗剤で十分に洗浄した器具は消毒を省略できる | 2.血液付着器具等の方法に加え、紫外線照射、蒸気、逆性石けん、グルコン酸クロルヘキシジン、両性界面活性剤などの方法も用いられる | 3.血液付着の疑いがない器具は、紫外線照射又は蒸気による方法だけが認められ、薬液は用いない | 4.血液付着の疑いがない器具は薬液消毒だけを用い、煮沸や蒸気による方法は対象外である","2","血液付着の疑いがない器具には、血液付着器具に用いる方法のほか、紫外線、蒸気、逆性石けん、グルコン酸クロルヘキシジン、両性界面活性剤等による方法も認められる。したがって②が正しい。","厚生労働省「理容所及び美容所における衛生管理要領」","https://www.mhlw.go.jp/web/t_doc?dataId=00ta5155&dataType=1&pageNo=1","A-OTHER-3815D6C328-01"
"205","血液が付着したタオル等の取扱いとして、適切なものはどれか。","1.廃棄するか、血液が付着している器具と同様の洗浄及び消毒を行う | 2.血液部分を水洗いした後、他の使用済みタオルと同じ方法だけで処理する | 3.血液部分に消毒液を噴霧し、洗浄せず乾燥させて再使用する | 4.通常どおり洗濯した後、消毒前の清潔なタオルと同じ場所に保管する","1","血液が付着したタオル等は、廃棄するか、血液が付着している器具と同様の洗浄及び消毒を行う。乾燥や水洗いだけでは不十分で、清潔なタオルとも区別するため、①が正しい。","厚生労働省「理容所及び美容所における衛生管理要領」","https://www.mhlw.go.jp/web/t_doc?dataId=00ta5155&dataType=1&pageNo=1","A-OTHER-4522A6BBCF-01"
"214","理容師国家試験で消毒法を判断する際、最も適切な考え方はどれか。","1.消毒薬の名称と濃度が合っていれば、対象器具や作用時間は問わない | 2.器具の種類、血液付着の有無、消毒薬の濃度、作用時間を組み合わせて判断する | 3.対象器具と作用時間が合っていれば、消毒薬の濃度は製品ごとの目安でよい | 4.消毒薬の濃度と作用時間が合っていれば、消毒前の十分な洗浄は省略できる","2","消毒法は、器具の種類、血液付着の有無、消毒薬の濃度及び作用時間を組み合わせて判断し、消毒前の洗浄や消毒後の保管も含めて管理する。薬品名、濃度又は時間の一つだけでは判断できないため、②が正しい。","厚生労働省「理容所及び美容所における衛生管理要領」","https://www.mhlw.go.jp/web/t_doc?dataId=00ta5155&dataType=1&pageNo=1","A-OTHER-CE1BCC49E7-01|A-OTHER-6FB3B4E30A-01|A-OTHER-E68D79862E-01"
"215","公衆衛生の考え方として、最も適切なものはどれか。","1.病気になった人を病院で治療することだけをいう | 2.理容所内の器具消毒だけをいう | 3.個人だけでなく、地域社会全体の健康の保持・増進を図る活動である | 4.美容目的のサービスを増やすことを主な目的とする","3","公衆衛生は、個人だけでなく集団や地域社会を対象に、疾病予防、健康の保持・増進、生活環境の改善などを図る活動である。医療機関での治療や理容器具の消毒だけに限定されないため、③が正しい。","","","A-OTHER-46D61FB8D2-01|A-OTHER-99AB1D210B-01|A-OTHER-7B331F4AC5-01"
"227","感染症予防の基本として、正しいものはどれか。","1.感染源への対策を行えば、感染経路と感受性宿主への対策は省略できる | 2.環境消毒を行えば、換気や手指衛生などの感染経路対策は省略できる | 3.感染源、感染経路、感受性宿主の三要因を踏まえて対策する | 4.症状のある人だけを感染源とみなし、無症状者への対策は行わない","3","感染症予防では、感染源、感染経路、感受性宿主の三要因を把握し、それぞれに対する対策を組み合わせる。消毒だけで換気や手洗いを代替することはできないため、③が正しい。","","","A-OTHER-82F94E5623-01|A-OTHER-978623DFE1-01|A-OTHER-AA60B39CF8-01"
"235","温熱環境の要素として、適切な組合せはどれか。","1.気温、湿度、二酸化炭素濃度、照度 | 2.気温、騒音、浮遊粉じん、照度 | 3.気温、湿度、気流、ふく射熱 | 4.気温、湿度、水質、照度","3","温熱環境は、気温、湿度、気流、ふく射熱などの要素により評価される。身体計測、人口動態、消毒工程を示す組合せではないため、③が正しい。","","","A-OTHER-1A864DFF31-01|A-OTHER-28BD6ED7B0-01|A-OTHER-FE91110960-01"
"281","ワセリンについて、正しいものはどれか。","1.皮膚表面を保護し、水分蒸散を抑える油性成分である | 2.吸湿性によって角質層へ水分を引き寄せる水溶性の多価アルコールである | 3.親水基と親油基をもち、水相と油相を乳化する界面活性剤である | 4.油脂の酸化による変臭を抑える酸化防止剤である","1","ワセリンは炭化水素系の油性成分で、皮膚表面の保護や水分蒸散の抑制に用いられる。グリセリン、界面活性剤又は酸化防止剤ではないため、①が正しい。","医薬品医療機器等法・化粧品基準","https://laws.e-gov.go.jp/law/335AC0000000145","A-OTHER-7B9221FBB0-01"
"347","予約管理として、適切なものはどれか。","1.施術時間だけを基準に予約枠を設定し、準備や消毒は予約の合間に行う | 2.担当者が覚えられる件数であれば、予約変更を記録に反映しなくてよい | 3.施術時間、担当者、準備時間を考慮して無理のない予約を組む | 4.遅れが見込まれる場合は、予定時刻を過ぎてから顧客へ説明する","3","予約管理では、施術時間、担当者、準備、消毒、片付け等に必要な時間を見込み、無理のない予定を組む。記録や遅延時の説明も必要なため、③が正しい。","","","A-OTHER-00B30E5502-01|A-OTHER-B20F862945-01|A-OTHER-BF9106596C-01|A-OTHER-13E9978E26-01"
"387","カッティング用具の扱いとして、最も適切なものはどれか。","1.目に見える毛髪だけを乾いた布で除去すれば、次の顧客にも使用できる | 2.床に落とした用具は汚れが付着していなければ、消毒せず作業へ戻せる | 3.使用後は毛髪を除去し、必要な洗浄・消毒・保管を行う | 4.使用後に水洗いして乾燥させれば、器具の種類に応じた消毒は省略できる","3","カッティング用具は、使用後に毛髪や汚れを除去し、器具に応じた洗浄、消毒、乾燥、保管を行う。外観だけで清潔とは判断できないため、③が正しい。","","","A-OTHER-20C6F66CAD-01|A-OTHER-F199C6E7C5-01|A-OTHER-0244E765A6-01"
"398","シェービングに用いる刃物類の扱いとして、最も適切なものはどれか。","1.目に見える毛髪を除去すれば、同じ営業日の複数の顧客に続けて使用できる | 2.使用前後に衛生状態を確認し、必要な消毒又は交換を行う | 3.刃物を流水で洗い流して乾燥させれば、器具に応じた消毒は省略できる | 4.切れ味が低下した刃は、刃角を寝かせて刃圧を高めれば交換せず使用できる","2","シェービング用の刃物は血液や体液へ触れる可能性があるため、使用前後に衛生状態を確認し、器具に応じた消毒又は刃の交換を行う。水濡らしだけでは消毒にならないため、②が正しい。","","","A-OTHER-F9D3B5F9A0-01|A-OTHER-0CAFE37121-01|A-OTHER-04E6194D10-01"
"419","シェービング後の皮膚処置として、最も適切なものはどれか。","1.発赤の有無にかかわらず、収れん作用の強い薬剤を同じ量だけ塗布する | 2.施術前に異常がなければ、施術後の発赤は一時的なものとして観察を省略する | 3.皮膚状態に応じて、鎮静・保湿などの処置を行う | 4.施術後に皮膚を消毒すれば、血液に触れていない器具の消毒は省略できる","3","シェービング後の皮膚は刺激を受けやすいため、発赤、傷、乾燥等を確認し、状態に応じて鎮静や保湿等の処置を行う。器具消毒の代わりにはならないため、③が正しい。","","","A-OTHER-6F64548552-01|A-OTHER-4225B3818E-01|A-OTHER-F37433A405-01|A-OTHER-8092EA82FB-01"
"198","希釈して用いる消毒液の管理として、適切なものはどれか。","1.見た目が透明なら何週間も使い続けてよい | 2.汚れや濃度低下に注意し、原則として毎日取り替える | 3.濃度が分からないまま水で薄めて使用する | 4.複数の消毒薬を混ぜれば効果が必ず高まる","2","希釈して用いる消毒液は、汚れや濃度低下に注意し、原則として毎日取り替える。外観だけで継続使用を判断したり、濃度不明のまま希釈したり、薬剤を混合したりしてはならないため、②が正しい。","厚生労働省「理容所及び美容所における衛生管理要領」","https://www.mhlw.go.jp/web/t_doc?dataId=00ta5155&dataType=1&pageNo=1","A-OTHER-59056EE111-01"
"199","エタノール消毒液の管理として、適切なものはどれか。","1.容器を開けたままにして蒸発させるほど効果が高まる | 2.水を多く加えても消毒用エタノールと同じ効果がある | 3.蒸発や汚れに注意し、濃度が保たれるよう管理する | 4.汚れた綿を何度も戻して使用する","3","エタノール消毒液は、蒸発や汚れによって濃度や消毒効果が変化するため、適正な濃度が保たれるよう管理する。したがって③が正しい。","厚生労働省「理容所及び美容所における衛生管理要領」","https://www.mhlw.go.jp/web/t_doc?dataId=00ta5155&dataType=1&pageNo=1","A-OTHER-AC23D70EA6-01"
"201","かみそりの消毒について、正しいものはどれか。","1.頭髪の切断だけに用いるものを除き、血液付着器具と同じ区分の方法で消毒する | 2.血液の付着が目視できない場合は、紫外線照射だけで消毒できる | 3.替刃式では、使用後に刃を交換すればホルダーは水洗いだけでよい | 4.同じ客に続けて使用する場合は、作業の途中で刃が皮膚に触れても消毒を要しない","1","頭髪の切断だけに用いるものを除くかみそりは、血液付着の有無にかかわらず、煮沸、規定濃度のエタノール又は次亜塩素酸ナトリウムによる区分で消毒する。替刃式でもホルダーの洗浄及び消毒は必要であるため、①が正しい。","厚生労働省「理容所及び美容所における衛生管理要領」","https://www.mhlw.go.jp/web/t_doc?dataId=00ta5155&dataType=1&pageNo=1","A-OTHER-8CD248010A-01"
"443","消毒法に関する次の文の空欄A及びBに入る記述の組合せとして、正しいものはどれか。

A：衛生管理要領
B：理容師法施行規則第25条、衛生管理要領","1.【観点1】薬液消毒後の器具は必要に応じて流水で洗い、乾燥させ、再汚染しないよう保管する。
【観点2】消毒薬の濃度と作用時間が合っていれば、消毒前の十分な洗浄は省略できる。 | 2.【観点1】使用済みのタオル等は、完全に乾燥させれば消毒せず再使用できる。
【観点2】器具の種類、血液付着の有無、消毒薬の濃度、作用時間を組み合わせて判断する。 | 3.【観点1】薬液消毒後の器具は必要に応じて流水で洗い、乾燥させ、再汚染しないよう保管する。
【観点2】器具の種類、血液付着の有無、消毒薬の濃度、作用時間を組み合わせて判断する。 | 4.【観点1】使用済みのタオル等は、完全に乾燥させれば消毒せず再使用できる。
【観点2】消毒薬の濃度と作用時間が合っていれば、消毒前の十分な洗浄は省略できる。","3","【衛生管理要領】
・薬液消毒後の器具は必要に応じて流水で洗い、乾燥させ、再汚染しないよう保管する。 【理容師法施行規則第25条、衛生管理要領】
・器具の種類、血液付着の有無、消毒薬の濃度、作用時間を組み合わせて判断する。 対象、条件、作用又は手順を取り違えないように整理する。","厚生労働省「理容所及び美容所における衛生管理要領」","https://www.mhlw.go.jp/web/t_doc?dataId=00ta5155&dataType=1&pageNo=1","A-OTHER-ADDAD39350-01|A-OTHER-23B8F83C3D-01"
"492","香粧品成分の「香粧品化学：界面活性剤」と「香粧品化学：着色剤」に関する次の記述のうち、いずれの内容も正しいものはどれか。","1.【観点1】乳化とは、水相と油相の一方を他方へ細かく分散させ、安定な状態に近づけることである。
【観点2】製品中の微生物増殖を抑えることを主目的に用いられる。 | 2.【観点1】界面活性剤は酸化作用によって毛髪中のメラニンを分解することを主目的とする。
【観点2】製品や皮膚・毛髪に色を与える目的で用いられることがある。 | 3.【観点1】界面活性剤は酸化作用によって毛髪中のメラニンを分解することを主目的とする。
【観点2】製品中の微生物増殖を抑えることを主目的に用いられる。 | 4.【観点1】乳化とは、水相と油相の一方を他方へ細かく分散させ、安定な状態に近づけることである。
【観点2】製品や皮膚・毛髪に色を与える目的で用いられることがある。","4","【香粧品化学：界面活性剤】
・乳化とは、水相と油相の一方を他方へ細かく分散させ、安定な状態に近づけることである。 【香粧品化学：着色剤】
・製品や皮膚・毛髪に色を与える目的で用いられることがある。 対象、条件、作用又は手順を取り違えないように整理する。","医薬品医療機器等法・化粧品基準","https://laws.e-gov.go.jp/law/335AC0000000145","A-OTHER-EFB1BB0ADE-01|A-OTHER-ADE64977B3-01"
"495","香粧品成分の「香粧品化学：陰イオン界面活性剤」と「香粧品化学：酸・アルカリ」に関する次の記述のうち、いずれの内容も正しいものはどれか。","1.【観点1】陰イオン界面活性剤は、洗浄力や泡立ちに関係し、シャンプー等に用いられる。
【観点2】水溶液中の溶質の質量百分率を示す指標である。 | 2.【観点1】陽イオン界面活性剤はシャンプーの主洗浄成分として用いられ、毛髪への吸着性をもたない。
【観点2】水溶液の酸性・中性・アルカリ性の程度を示す指標である。 | 3.【観点1】陰イオン界面活性剤は、洗浄力や泡立ちに関係し、シャンプー等に用いられる。
【観点2】水溶液の酸性・中性・アルカリ性の程度を示す指標である。 | 4.【観点1】陽イオン界面活性剤はシャンプーの主洗浄成分として用いられ、毛髪への吸着性をもたない。
【観点2】水溶液中の溶質の質量百分率を示す指標である。","3","【香粧品化学：陰イオン界面活性剤】
・陰イオン界面活性剤は、洗浄力や泡立ちに関係し、シャンプー等に用いられる。 【香粧品化学：酸・アルカリ】
・水溶液の酸性・中性・アルカリ性の程度を示す指標である。 対象、条件、作用又は手順を取り違えないように整理する。","医薬品医療機器等法・化粧品基準","https://laws.e-gov.go.jp/law/335AC0000000145","A-OTHER-3702D4CA68-01|A-OTHER-69D3EA1470-01|A-OTHER-196566A8E3-01|A-OTHER-470C11BFAD-01"
"296","ペーハーについて、正しいものはどれか。","1.水溶液中の溶質の質量百分率を示す指標である | 2.水溶液の粘度を0から14の範囲で示す指標である | 3.水溶液の酸化還元力だけを0から14の範囲で示す指標である | 4.水溶液の酸性・中性・アルカリ性の程度を示す指標である","4","ペーハーは、水溶液の酸性・中性・アルカリ性の程度を示す指標である。質量百分率、粘度又は酸化還元力そのものを示す指標ではないため、④が正しい。","医薬品医療機器等法・化粧品基準","https://laws.e-gov.go.jp/law/335AC0000000145","A-OTHER-D8393ACB6C-01"
"","業務停止","","","理容師法 第十条。衛生措置違反等では、期間を定めて業務停止となる場合がある。","","","A-OTHER-F51E8290DC-01"
"","第4　管理","","","第4 管理 1 作業環境の管理 (1) 作業場内には、みだりに犬（身体障害者補助犬を除く。）、猫等の動物 を入れないこと。 (2) 作業終了後は、作業場の清掃を十分行い、清潔にすること。 2 携行品等の管理 (1) 洗浄及び消毒済みの器具類等は、使用済みのものと区別して、収納 ケース等に保管すること。 (2) 使用済みのかみそり（頭髪のカットのみの用途（レーザーカット）に 使用するかみそりを除く。以下同じ。）及びかみそり以外の器具で、血 液の付着しているもの又はその疑いのあるものは、それ以外の使用済み の器具と区別して、丈夫な容器に保管し、適切な処置を行うこと。取扱 いの際は、器具の突き刺し事故に注意すること。 3 従業者の管理 営業者は、常に従業者の健康管理に注意し、従業者が感染症、感染性の 皮膚疾患にかかったときは、当該従業者を作業に従事させないこと。","","","A-OTHER-CC46FFAEA5-02|A-OTHER-0284098FC1-03|A-OTHER-0284098FC1-05"
"","第5　消毒","","","第5 衛生的取扱い等 1 作業室には、施術中の客及び介助者以外の者をみだりに出入りさせない こと。 2 作業中、従業者は清潔な外衣(白色又はこれに近い色で汚れが目立ちやす いもの)を着用し、顔面作業時には清潔なマスクを着用すること。 3 従業者は、常につめを短く切り、客1人ごとの作業前及び作業後には手 指の洗浄を行い、必要に応じて消毒を行うこと。 4 作業場においては、喫煙及び食事をしないこと。 5 皮膚に接する器具類は、客1 人ごとに消毒した清潔なものを使用するこ と。 6 皮膚に接する器具類は、使用後に洗浄し、消毒すること。 7 皮膚に接する布片類は、清潔なものを使用し、客1人ごとに取り替える こと。 8 使用後の布片類は、他のものと区別して収納すること。帰宅後、洗剤等 を使用して温湯で洗浄することが望ましいこと。 9 蒸しタオルは消毒済みのものを使用すること。 10 客用の被布は、使用目的に応じて区別し、清潔なものを使用すること。 11 作業に伴って生ずる毛髪等の廃棄物は、客1人ごとに清掃すること。 12 毛髪等の廃棄物は、ふた付きの専用容器や丈夫な袋などに入れ、適正に 処理すること。 13 皮膚に接しない器具であっても汚れやすいものは、客1人ごとに取り替 え又は洗浄し、常に清潔にすること。 14 感染症、感染性の皮膚疾患の患者又はその疑いのある者を扱う場合には、 マスク、手袋等予め防護措置をとること。また、このような者を扱ったと きは、作業終了後、従業者の手指及び使用した器具等の消毒を特に厳重に 行うこと。器具等の消毒については、感染症法に基づく消毒・滅菌の手引 き（平成16年1月30日健感発第0130001号厚生労働省健康局結 核感染症課長通知）等を参考にすること。 15 パーマネントウエーブ用剤、染毛剤等の使用に当たっては、医薬部外品 及び化粧品として、薬事法による承認を受けたものを適正に使用し、その 安全衛生に十分留意すること。また、使用によってアンモニア等のガスが 発生する場合には、特に排気に留意すること。","","","A-OTHER-1E0F4F43D9-02"
"493","香粧品成分の「香粧品化学：乳化」と「香粧品化学：紫外線防御成分」に関する次の記述のうち、いずれの内容も正しいものはどれか。","1.【観点1】水相と油相を細かく分散させ、安定な状態に近づけること。
【観点2】紫外線散乱剤には酸化チタンや酸化亜鉛等があり、紫外線を散乱・反射する。 | 2.【観点1】水相と油相を細かく分散させ、安定な状態に近づけること。
【観点2】紫外線吸収剤は、紫外線を物理的に散乱・反射する無機粉体を指す。 | 3.【観点1】油性成分を水へ完全に溶解し、分子の状態にすること。
【観点2】紫外線散乱剤には酸化チタンや酸化亜鉛等があり、紫外線を散乱・反射する。 | 4.【観点1】油性成分を水へ完全に溶解し、分子の状態にすること。
【観点2】紫外線吸収剤は、紫外線を物理的に散乱・反射する無機粉体を指す。","1","【香粧品化学：乳化】
・水相と油相を細かく分散させ、安定な状態に近づけること。 【香粧品化学：紫外線防御成分】
・紫外線散乱剤には酸化チタンや酸化亜鉛等があり、紫外線を散乱・反射する。 対象、条件、作用又は手順を取り違えないように整理する。","医薬品医療機器等法・化粧品基準","https://laws.e-gov.go.jp/law/335AC0000000145","A-OTHER-FC27D3FA0F-02"
"48","理容師試験の筆記試験科目に含まれないものはどれか。","1.衛生管理 | 2.保健 | 3.運営管理 | 4.理容実技","4","・根拠：理容師法施行規則第12条
・判断基準：理容実技は実技試験の課目であり、筆記試験の課目ではない。衛生管理、保健及び運営管理は、理容師法施行規則第12条に掲げられた筆記試験の課目である。
・注意点：主体、対象、要件、数値、期間、原則と例外を区別して判断する。","理容師法・理容師法施行規則","https://laws.e-gov.go.jp/law/322AC0000000234","A-OTHER-8A5294335C-02|A-OTHER-05D12F7683-01|A-OTHER-8E9FD6EA77-01|A-OTHER-87465AE178-01"
"","衛生管理：洗浄","","","消毒の前に汚れを落とす作業である。汚れが残ると消毒効果が弱くなる。","","","A-OTHER-DE7EEECC9E-01"
"","衛生管理：滅菌","","","すべての微生物を死滅または除去する処理であり、消毒より厳密な概念である。","","","A-OTHER-4A400F9E2C-01"
"","衛生管理：煮沸消毒","","","熱を利用する消毒法で、耐熱性のある器具に用いる。熱に弱いものには不向きである。","","","A-OTHER-8A4828107D-01"
"","衛生管理：エタノール消毒","","","一定濃度のアルコールで消毒する方法である。汚れを落としてから使うことが大切である。","","","A-OTHER-C811132DFD-01"
"","衛生管理：次亜塩素酸ナトリウム","","","消毒に用いられる薬剤である。濃度、時間、金属腐食、換気に注意する。","","","A-OTHER-16D5DC3A60-01"
"","衛生管理：逆性石けん","","","陽イオン界面活性剤の一種で、消毒薬として用いられる。石けん分や汚れで効果が落ちることがある。","","","A-OTHER-6E332972FC-01"
"","衛生管理：器具保管","","","消毒後の器具は再汚染を避け、清潔に保管する。未処理の器具と分ける。","","","A-OTHER-CC51EBA1D0-01"
"","衛生管理：消毒薬の濃度","","","消毒薬は適切な濃度で使用する。濃すぎても薄すぎても問題になることがある。","","","A-OTHER-CA7B3F5826-01"
"","衛生管理：消毒時間","","","消毒には必要な作用時間がある。短すぎると十分な効果が得られない。","","","A-OTHER-3E1D245DC0-01"
"","衛生管理：衛生管理の記録","","","清掃や消毒を記録すると、作業の抜け漏れ防止と見直しに役立つ。","","","A-OTHER-2E33496F82-01"
