"parent_audit_id","child_audit_id","old_context","verified_context","claim","impact_class","classification_reason","complete_unit","content_id","question_or_title","all_choices","correct_answer_number","explanation_or_body","recorded_source","recorded_url","audit_result","revision","audit_reason","missing_material","restart_condition","unit_note"
"A-OTHER-882EBA46E1","A-OTHER-882EBA46E1-01","wrong_choice","wrong_choice","感染症のまん延防止のため、病原体に汚染された物件を対象として、場所の消毒等が命じられる","A1","選択肢又は公式過去問として正答判定へ直接影響","yes","81","感染症法に基づく、一類から四類感染症又は新型インフルエンザ等感染症の病原体に汚染された場所の消毒等について、正しいものはどれか。","1.感染症のまん延防止のため、病原体に汚染され、又は汚染された疑いがある場所の消毒等が命じられることがある | 2.感染症のまん延防止のため、病原体による汚染が確認された場所に限り、消毒等が命じられることがある | 3.感染症のまん延防止のため、病原体に汚染された場所の所有者が同意した場合に限り、消毒等が命じられる | 4.感染症のまん延防止のため、病原体に汚染された物件を対象として、場所の消毒等が命じられる","1","・根拠：感染症法第27条
・判断基準：感染症法第27条は、感染症の病原体に汚染され、又は汚染された疑いがある場所の消毒等を定める。汚染の確認済みの場合だけに限定せず、場所の所有者の同意を要件とするものでも、対象を物件だけとするものでもない。
・注意点：主体、対象、要件、数値、期間、原則と例外を区別して判断する。","厚生労働省「感染症情報」・感染症法","https://www.mhlw.go.jp/stf/seisakunitsuite/bunya/kenkou_iryou/kenkou/kekkaku-kansenshou/index.html","公式確認済み・問題上の意図的な誤答","修正不要","完全問題単位で誤答位置と正答番号を確認し、問題に記録された公的一次資料との対応を確認","","","問題集の完全問題単位を取得"
"A-OTHER-8F02C90A39","A-OTHER-8F02C90A39-01","wrong_choice","wrong_choice","感染症の病原体に汚染された物件について、消毒の措置はとられるが、移動制限や廃棄の措置はとられない","A1","選択肢又は公式過去問として正答判定へ直接影響","yes","83","感染症法に基づく、一類から四類感染症又は新型インフルエンザ等感染症の病原体に汚染された物件の措置について、正しいものはどれか。","1.病原体による汚染が確認された物件には消毒及び廃棄を行えるが、汚染の疑いがある物件には移動制限のみを行う | 2.感染症の病原体に汚染された物件について、消毒の措置はとられるが、移動制限や廃棄の措置はとられない | 3.感染症の病原体に汚染され、又は汚染された疑いがある物件について、移動制限、消毒、廃棄等の措置がとられることがある | 4.感染症の病原体に汚染された物件であっても、患者本人が所有する物件は措置の対象にならない","3","・根拠：感染症法第29条
・判断基準：感染症法第29条は、感染症の病原体に汚染され、又は汚染された疑いがある物件について、移動制限、消毒、廃棄等の必要な措置を定める。汚染疑いの物件や患者本人の所有物を一律に除外する規定ではなく、措置を消毒だけに限定するものでもない。 汚染された疑いがある物件も対象となり得て、措置を移動制限に限定する規定ではない。
・注意点：主体、対象、要件、数値、期間、原則と例外を区別して判断する。","厚生労働省「感染症情報」・感染症法","https://www.mhlw.go.jp/stf/seisakunitsuite/bunya/kenkou_iryou/kenkou/kekkaku-kansenshou/index.html","公式確認済み・問題上の意図的な誤答","修正不要","完全問題単位で誤答位置と正答番号を確認し、問題に記録された公的一次資料との対応を確認","","","問題集の完全問題単位を取得"
"A-OTHER-44ECB0EC48","A-OTHER-44ECB0EC48-01","wrong_choice","wrong_choice","器具の消毒方法及び携行品の管理を統一し、従業者の健康管理は理容所等の衛生管理要領に委ねる","A1","選択肢又は公式過去問として正答判定へ直接影響","yes","","消毒方法","","","理容師法施行規則 第二十五条。器具の種類や汚染状況に応じ、煮沸、エタノール、次亜塩素酸ナトリウム等で消毒。","","","参考資料確認済み・問題上の意図的な誤答","修正不要","完全問題単位で誤答位置と正答番号の整合を確認。公的一次資料の固定が不足","該当主張を直接裏付ける公的一次資料","一次資料の条項・通知箇所を特定後に公式確認へ更新","教材の完全項目を取得"
"A-OTHER-23EDE5CC42","A-OTHER-23EDE5CC42-01","wrong_choice","wrong_choice","石ケン及び使い捨て手袋を携行し、消毒液は出張先の設備を使用する","A1","選択肢又は公式過去問として正答判定へ直接影響","yes","162","手洗いに関して、出張理容で携行すべきものはどれか。","1.石ケン及び使い捨て手袋を携行し、消毒液は出張先の設備を使用する | 2.手洗いに必要な石ケン、消毒液等 | 3.石ケン及び消毒液を携行し、流水設備は出張先にあることを事前に確認する | 4.手指消毒剤及び使い捨て手袋を携行し、流水設備がない場合は手指消毒で代替する","2","・根拠：第3の5
・判断基準：衛生管理要領第3の5は、手洗いに必要な石ケン、消毒液等を携行することと定めている。したがって 携行品として求められるのは、手洗いに必要な石ケン、消毒液等である。出張先の備品や手袋によって必要な携行品を代替するものではない。
・注意点：主体、対象、要件、数値、期間、原則と例外を区別して判断する。","理容師法・理容師法施行規則","https://laws.e-gov.go.jp/law/322AC0000000234","公式確認済み・問題上の意図的な誤答","修正不要","完全問題単位で誤答位置と正答番号を確認し、問題に記録された公的一次資料との対応を確認","","","問題集の完全問題単位を取得"
"A-OTHER-268824F530","A-OTHER-268824F530-01","wrong_choice","wrong_choice","手洗いに必要な石ケン、消毒液等","A1","選択肢又は公式過去問として正答判定へ直接影響","yes","","第3　携行品等","","","第3 携行品等 出張理容・出張美容を行う際には、次の器具等を携行すること。 1 洗浄及び消毒済みのはさみ等の理容器具・美容器具と、これらを衛生的 かつ安全に収納できるもの 2 使用済みのはさみ等の理容器具・美容器具を、安全に収納できるもの 3 消毒された布片類・タオルと、これらを衛生的に収納できるもの 4 外傷に対する救急処置に必要な薬品及び衛生材料 5 手洗いに必要な石ケン、消毒液等","","","参考資料確認済み・問題上の意図的な誤答","修正不要","完全問題単位で誤答位置と正答番号の整合を確認。公的一次資料の固定が不足","該当主張を直接裏付ける公的一次資料","一次資料の条項・通知箇所を特定後に公式確認へ更新","教材の完全項目を取得"
"A-OTHER-D2962E1C22","A-OTHER-D2962E1C22-01","wrong_choice","wrong_choice","石ケン及び消毒液を携行し、流水設備は出張先にあることを事前に確認する","A1","選択肢又は公式過去問として正答判定へ直接影響","yes","162","手洗いに関して、出張理容で携行すべきものはどれか。","1.石ケン及び使い捨て手袋を携行し、消毒液は出張先の設備を使用する | 2.手洗いに必要な石ケン、消毒液等 | 3.石ケン及び消毒液を携行し、流水設備は出張先にあることを事前に確認する | 4.手指消毒剤及び使い捨て手袋を携行し、流水設備がない場合は手指消毒で代替する","2","・根拠：第3の5
・判断基準：衛生管理要領第3の5は、手洗いに必要な石ケン、消毒液等を携行することと定めている。したがって 携行品として求められるのは、手洗いに必要な石ケン、消毒液等である。出張先の備品や手袋によって必要な携行品を代替するものではない。
・注意点：主体、対象、要件、数値、期間、原則と例外を区別して判断する。","理容師法・理容師法施行規則","https://laws.e-gov.go.jp/law/322AC0000000234","公式確認済み・問題上の意図的な誤答","修正不要","完全問題単位で誤答位置と正答番号を確認し、問題に記録された公的一次資料との対応を確認","","","問題集の完全問題単位を取得"
"A-OTHER-FA5A8B7540","A-OTHER-FA5A8B7540-01","wrong_choice","wrong_choice","洗浄及び消毒済みの器具は、使用済み器具と同じケース内で重ならないように保管する","A1","選択肢又は公式過去問として正答判定へ直接影響","yes","165","洗浄・消毒済みの器具類と使用済みの器具類の管理について、正しいものはどれか。","1.洗浄及び消毒済みの器具類等は、使用済みのものと区別して保管する | 2.洗浄及び消毒済みの器具は、使用済み器具と同じケース内で重ならないように保管する | 3.使用済み器具を密封袋に入れれば、洗浄及び消毒済み器具と同じ収納部に保管してよい | 4.洗浄及び消毒済み器具と使用済み器具の区別は、血液付着が疑われる場合に限って行う","1","・根拠：第4の2（1）
・判断基準：衛生管理要領第4の2（1）は、洗浄及び消毒済みの器具類等を、使用済みのものと区別して保管することと定めている。したがって
・注意点：主体、対象、要件、数値、期間、原則と例外を区別して判断する。","理容師法・理容師法施行規則","https://laws.e-gov.go.jp/law/322AC0000000234","公式確認済み・問題上の意図的な誤答","修正不要","完全問題単位で誤答位置と正答番号を確認し、問題に記録された公的一次資料との対応を確認","","","問題集の完全問題単位を取得"
"A-OTHER-36C8E10A97","A-OTHER-36C8E10A97-01","wrong_choice","wrong_choice","使用済み器具を密封袋に入れれば、洗浄及び消毒済み器具と同じ収納部に保管してよい","A1","選択肢又は公式過去問として正答判定へ直接影響","yes","165","洗浄・消毒済みの器具類と使用済みの器具類の管理について、正しいものはどれか。","1.洗浄及び消毒済みの器具類等は、使用済みのものと区別して保管する | 2.洗浄及び消毒済みの器具は、使用済み器具と同じケース内で重ならないように保管する | 3.使用済み器具を密封袋に入れれば、洗浄及び消毒済み器具と同じ収納部に保管してよい | 4.洗浄及び消毒済み器具と使用済み器具の区別は、血液付着が疑われる場合に限って行う","1","・根拠：第4の2（1）
・判断基準：衛生管理要領第4の2（1）は、洗浄及び消毒済みの器具類等を、使用済みのものと区別して保管することと定めている。したがって
・注意点：主体、対象、要件、数値、期間、原則と例外を区別して判断する。","理容師法・理容師法施行規則","https://laws.e-gov.go.jp/law/322AC0000000234","公式確認済み・問題上の意図的な誤答","修正不要","完全問題単位で誤答位置と正答番号を確認し、問題に記録された公的一次資料との対応を確認","","","問題集の完全問題単位を取得"
"A-OTHER-6D46A9A261","A-OTHER-6D46A9A261-01","wrong_choice","wrong_choice","洗浄及び消毒済み器具と使用済み器具の区別は、血液付着が疑われる場合に限って行う","A1","選択肢又は公式過去問として正答判定へ直接影響","yes","165","洗浄・消毒済みの器具類と使用済みの器具類の管理について、正しいものはどれか。","1.洗浄及び消毒済みの器具類等は、使用済みのものと区別して保管する | 2.洗浄及び消毒済みの器具は、使用済み器具と同じケース内で重ならないように保管する | 3.使用済み器具を密封袋に入れれば、洗浄及び消毒済み器具と同じ収納部に保管してよい | 4.洗浄及び消毒済み器具と使用済み器具の区別は、血液付着が疑われる場合に限って行う","1","・根拠：第4の2（1）
・判断基準：衛生管理要領第4の2（1）は、洗浄及び消毒済みの器具類等を、使用済みのものと区別して保管することと定めている。したがって
・注意点：主体、対象、要件、数値、期間、原則と例外を区別して判断する。","理容師法・理容師法施行規則","https://laws.e-gov.go.jp/law/322AC0000000234","公式確認済み・問題上の意図的な誤答","修正不要","完全問題単位で誤答位置と正答番号を確認し、問題に記録された公的一次資料との対応を確認","","","問題集の完全問題単位を取得"
"A-OTHER-345DBB1556","A-OTHER-345DBB1556-01","wrong_choice","wrong_choice","使用前に消毒した器具は、皮膚の状態に異常がない客に続けて使用できる","A1","選択肢又は公式過去問として正答判定へ直接影響","yes","172","皮膚に接する器具類の使用について、正しいものはどれか。","1.同じ世帯の客に続けて使用する場合は、洗浄後に清潔な収納部へ保管して使用する | 2.使用前に消毒した器具は、皮膚の状態に異常がない客に続けて使用できる | 3.皮膚に接する器具は客1人ごとに洗浄し、かみそり及び血液付着器具を消毒する | 4.客1人ごとに消毒した清潔なものを使用する","4","・根拠：第5の5、第5の6
・判断基準：衛生管理要領第5の5は、皮膚に接する器具類について、客1人ごとに消毒した清潔なものを使用することと定めている。また、第5の6は使用後の洗浄及び消毒を求めている。したがって 皮膚に接する器具は、世帯や皮膚状態にかかわらず、客1人ごとに消毒した清潔なものを使用する。
・注意点：主体、対象、要件、数値、期間、原則と例外を区別して判断する。","理容師法・理容師法施行規則","https://laws.e-gov.go.jp/law/322AC0000000234","公式確認済み・問題上の意図的な誤答","修正不要","完全問題単位で誤答位置と正答番号を確認し、問題に記録された公的一次資料との対応を確認","","","問題集の完全問題単位を取得"
"A-OTHER-07B239B543","A-OTHER-07B239B543-01","wrong_choice","wrong_choice","皮膚に接する器具は客1人ごとに洗浄し、かみそり及び血液付着器具を消毒する","A1","選択肢又は公式過去問として正答判定へ直接影響","yes","172","皮膚に接する器具類の使用について、正しいものはどれか。","1.同じ世帯の客に続けて使用する場合は、洗浄後に清潔な収納部へ保管して使用する | 2.使用前に消毒した器具は、皮膚の状態に異常がない客に続けて使用できる | 3.皮膚に接する器具は客1人ごとに洗浄し、かみそり及び血液付着器具を消毒する | 4.客1人ごとに消毒した清潔なものを使用する","4","・根拠：第5の5、第5の6
・判断基準：衛生管理要領第5の5は、皮膚に接する器具類について、客1人ごとに消毒した清潔なものを使用することと定めている。また、第5の6は使用後の洗浄及び消毒を求めている。したがって 皮膚に接する器具は、世帯や皮膚状態にかかわらず、客1人ごとに消毒した清潔なものを使用する。
・注意点：主体、対象、要件、数値、期間、原則と例外を区別して判断する。","理容師法・理容師法施行規則","https://laws.e-gov.go.jp/law/322AC0000000234","公式確認済み・問題上の意図的な誤答","修正不要","完全問題単位で誤答位置と正答番号を確認し、問題に記録された公的一次資料との対応を確認","","","問題集の完全問題単位を取得"
"A-OTHER-F41EA74C00","A-OTHER-F41EA74C00-01","wrong_choice","wrong_choice","出張先の換気及び給排水設備に応じて、営業者が理容所等の衛生管理要領を参考に消毒方法を定める","A1","選択肢又は公式過去問として正答判定へ直接影響","yes","","消毒方法","","","理容師法施行規則 第二十五条。器具の種類や汚染状況に応じ、煮沸、エタノール、次亜塩素酸ナトリウム等で消毒。","","","参考資料確認済み・問題上の意図的な誤答","修正不要","完全問題単位で誤答位置と正答番号の整合を確認。公的一次資料の固定が不足","該当主張を直接裏付ける公的一次資料","一次資料の条項・通知箇所を特定後に公式確認へ更新","教材の完全項目を取得"
"A-OTHER-869F9B2824","A-OTHER-869F9B2824-01","wrong_choice","wrong_choice","理容所等の衛生管理要領に定める消毒方法のうち、血液付着器具に関する方法に準じる","A1","選択肢又は公式過去問として正答判定へ直接影響","yes","","消毒方法","","","理容師法施行規則 第二十五条。器具の種類や汚染状況に応じ、煮沸、エタノール、次亜塩素酸ナトリウム等で消毒。","","","参考資料確認済み・問題上の意図的な誤答","修正不要","完全問題単位で誤答位置と正答番号の整合を確認。公的一次資料の固定が不足","該当主張を直接裏付ける公的一次資料","一次資料の条項・通知箇所を特定後に公式確認へ更新","教材の完全項目を取得"
"A-OTHER-CCEE8AD20C","A-OTHER-CCEE8AD20C-01","wrong_choice","wrong_choice","利用者が希望する消毒方法を確認し、理容所等の衛生管理要領に定める方法と同等であれば採用する","A1","選択肢又は公式過去問として正答判定へ直接影響","yes","","消毒方法","","","理容師法施行規則 第二十五条。器具の種類や汚染状況に応じ、煮沸、エタノール、次亜塩素酸ナトリウム等で消毒。","","","参考資料確認済み・問題上の意図的な誤答","修正不要","完全問題単位で誤答位置と正答番号の整合を確認。公的一次資料の固定が不足","該当主張を直接裏付ける公的一次資料","一次資料の条項・通知箇所を特定後に公式確認へ更新","教材の完全項目を取得"
"A-OTHER-A11498B27E","A-OTHER-A11498B27E-01","wrong_choice","wrong_choice","器具の取扱い、消毒及び携行品の管理に関する手順書を作成し、作業環境の管理は出張先の施設管理者に委ねる","A1","選択肢又は公式過去問として正答判定へ直接影響","yes","183","営業者又は衛生管理責任者が作成・周知すべきものとして、正しいものはどれか。","1.出張先の設備条件及び作業環境を記録し、器具の取扱いは従業者が出張先ごとに決定する手順書 | 2.器具の取扱い、消毒及び携行品の管理に関する手順書を作成し、作業環境の管理は出張先の施設管理者に委ねる | 3.出張理容・出張美容に係る具体的な衛生管理要領 | 4.利用者の要望に応じた衛生管理要領を作成し、内容は衛生管理責任者へ周知する","3","・根拠：第7の2
・判断基準：衛生管理要領第7の2は、営業者又は衛生管理責任者が、出張理容・出張美容に係る具体的な衛生管理要領を作成し、従業員に周知徹底することとしている。したがって 具体的な衛生管理要領は、作業環境、器具、携行品等を含めて作成し、従業者へ周知徹底する。出張先や利用者の判断に委ねるものではない。
・注意点：主体、対象、要件、数値、期間、原則と例外を区別して判断する。","理容師法・理容師法施行規則","https://laws.e-gov.go.jp/law/322AC0000000234","公式確認済み・問題上の意図的な誤答","修正不要","完全問題単位で誤答位置と正答番号を確認し、問題に記録された公的一次資料との対応を確認","","","問題集の完全問題単位を取得"
"A-OTHER-3815D6C328","A-OTHER-3815D6C328-01","wrong_choice","wrong_choice","血液付着の疑いがなければ、洗剤で十分に洗浄した器具は消毒を省略できる","A1","選択肢又は公式過去問として正答判定へ直接影響","yes","190","血液が付着している疑いのない器具の消毒方法として、正しいものはどれか。","1.血液付着の疑いがなければ、洗剤で十分に洗浄した器具は消毒を省略できる | 2.血液付着器具等の方法に加え、紫外線照射、蒸気、逆性石けん、グルコン酸クロルヘキシジン、両性界面活性剤などの方法も用いられる | 3.血液付着の疑いがない器具は、紫外線照射又は蒸気による方法だけが認められ、薬液は用いない | 4.血液付着の疑いがない器具は薬液消毒だけを用い、煮沸や蒸気による方法は対象外である","2","血液付着の疑いがない器具には、血液付着器具に用いる方法のほか、紫外線、蒸気、逆性石けん、グルコン酸クロルヘキシジン、両性界面活性剤等による方法も認められる。したがって②が正しい。","厚生労働省「理容所及び美容所における衛生管理要領」","https://www.mhlw.go.jp/web/t_doc?dataId=00ta5155&dataType=1&pageNo=1","公式確認済み・問題上の意図的な誤答","修正不要","完全問題単位で誤答位置と正答番号を確認し、問題に記録された公的一次資料との対応を確認","","","問題集の完全問題単位を取得"
"A-OTHER-4522A6BBCF","A-OTHER-4522A6BBCF-01","wrong_choice","wrong_choice","血液部分に消毒液を噴霧し、洗浄せず乾燥させて再使用する","A1","選択肢又は公式過去問として正答判定へ直接影響","yes","205","血液が付着したタオル等の取扱いとして、適切なものはどれか。","1.廃棄するか、血液が付着している器具と同様の洗浄及び消毒を行う | 2.血液部分を水洗いした後、他の使用済みタオルと同じ方法だけで処理する | 3.血液部分に消毒液を噴霧し、洗浄せず乾燥させて再使用する | 4.通常どおり洗濯した後、消毒前の清潔なタオルと同じ場所に保管する","1","血液が付着したタオル等は、廃棄するか、血液が付着している器具と同様の洗浄及び消毒を行う。乾燥や水洗いだけでは不十分で、清潔なタオルとも区別するため、①が正しい。","厚生労働省「理容所及び美容所における衛生管理要領」","https://www.mhlw.go.jp/web/t_doc?dataId=00ta5155&dataType=1&pageNo=1","公式確認済み・問題上の意図的な誤答","修正不要","完全問題単位で誤答位置と正答番号を確認し、問題に記録された公的一次資料との対応を確認","","","問題集の完全問題単位を取得"
"A-OTHER-54196F9855","A-OTHER-54196F9855-01","wrong_choice","wrong_choice","血液付着の疑いがある器具では、使用できる消毒方法がより限定される","A1","選択肢又は公式過去問として正答判定へ直接影響","yes","","消毒方法","","","理容師法施行規則 第二十五条。器具の種類や汚染状況に応じ、煮沸、エタノール、次亜塩素酸ナトリウム等で消毒。","","","参考資料確認済み・問題上の意図的な誤答","修正不要","完全問題単位で誤答位置と正答番号の整合を確認。公的一次資料の固定が不足","該当主張を直接裏付ける公的一次資料","一次資料の条項・通知箇所を特定後に公式確認へ更新","教材の完全項目を取得"
"A-OTHER-CE1BCC49E7","A-OTHER-CE1BCC49E7-01","wrong_choice","wrong_choice","消毒薬の名称と濃度が合っていれば、対象器具や作用時間は問わない","A1","選択肢又は公式過去問として正答判定へ直接影響","yes","214","理容師国家試験で消毒法を判断する際、最も適切な考え方はどれか。","1.消毒薬の名称と濃度が合っていれば、対象器具や作用時間は問わない | 2.器具の種類、血液付着の有無、消毒薬の濃度、作用時間を組み合わせて判断する | 3.対象器具と作用時間が合っていれば、消毒薬の濃度は製品ごとの目安でよい | 4.消毒薬の濃度と作用時間が合っていれば、消毒前の十分な洗浄は省略できる","2","消毒法は、器具の種類、血液付着の有無、消毒薬の濃度及び作用時間を組み合わせて判断し、消毒前の洗浄や消毒後の保管も含めて管理する。薬品名、濃度又は時間の一つだけでは判断できないため、②が正しい。","厚生労働省「理容所及び美容所における衛生管理要領」","https://www.mhlw.go.jp/web/t_doc?dataId=00ta5155&dataType=1&pageNo=1","公式確認済み・問題上の意図的な誤答","修正不要","完全問題単位で誤答位置と正答番号を確認し、問題に記録された公的一次資料との対応を確認","","","問題集の完全問題単位を取得"
"A-OTHER-6FB3B4E30A","A-OTHER-6FB3B4E30A-01","wrong_choice","wrong_choice","対象器具と作用時間が合っていれば、消毒薬の濃度は製品ごとの目安でよい","A1","選択肢又は公式過去問として正答判定へ直接影響","yes","214","理容師国家試験で消毒法を判断する際、最も適切な考え方はどれか。","1.消毒薬の名称と濃度が合っていれば、対象器具や作用時間は問わない | 2.器具の種類、血液付着の有無、消毒薬の濃度、作用時間を組み合わせて判断する | 3.対象器具と作用時間が合っていれば、消毒薬の濃度は製品ごとの目安でよい | 4.消毒薬の濃度と作用時間が合っていれば、消毒前の十分な洗浄は省略できる","2","消毒法は、器具の種類、血液付着の有無、消毒薬の濃度及び作用時間を組み合わせて判断し、消毒前の洗浄や消毒後の保管も含めて管理する。薬品名、濃度又は時間の一つだけでは判断できないため、②が正しい。","厚生労働省「理容所及び美容所における衛生管理要領」","https://www.mhlw.go.jp/web/t_doc?dataId=00ta5155&dataType=1&pageNo=1","公式確認済み・問題上の意図的な誤答","修正不要","完全問題単位で誤答位置と正答番号を確認し、問題に記録された公的一次資料との対応を確認","","","問題集の完全問題単位を取得"
"A-OTHER-7B9221FBB0","A-OTHER-7B9221FBB0-01","wrong_choice","wrong_choice","親水基と親油基をもち、水相と油相を乳化する界面活性剤である","A1","選択肢又は公式過去問として正答判定へ直接影響","yes","281","ワセリンについて、正しいものはどれか。","1.皮膚表面を保護し、水分蒸散を抑える油性成分である | 2.吸湿性によって角質層へ水分を引き寄せる水溶性の多価アルコールである | 3.親水基と親油基をもち、水相と油相を乳化する界面活性剤である | 4.油脂の酸化による変臭を抑える酸化防止剤である","1","ワセリンは炭化水素系の油性成分で、皮膚表面の保護や水分蒸散の抑制に用いられる。グリセリン、界面活性剤又は酸化防止剤ではないため、①が正しい。","医薬品医療機器等法・化粧品基準","https://laws.e-gov.go.jp/law/335AC0000000145","公式確認済み・問題上の意図的な誤答","修正不要","完全問題単位で誤答位置と正答番号を確認し、問題に記録された公的一次資料との対応を確認","","","問題集の完全問題単位を取得"
"A-OTHER-00B30E5502","A-OTHER-00B30E5502-01","wrong_choice","wrong_choice","施術時間だけを基準に予約枠を設定し、準備や消毒は予約の合間に行う","A1","選択肢又は公式過去問として正答判定へ直接影響","yes","347","予約管理として、適切なものはどれか。","1.施術時間だけを基準に予約枠を設定し、準備や消毒は予約の合間に行う | 2.担当者が覚えられる件数であれば、予約変更を記録に反映しなくてよい | 3.施術時間、担当者、準備時間を考慮して無理のない予約を組む | 4.遅れが見込まれる場合は、予定時刻を過ぎてから顧客へ説明する","3","予約管理では、施術時間、担当者、準備、消毒、片付け等に必要な時間を見込み、無理のない予定を組む。記録や遅延時の説明も必要なため、③が正しい。","","","参考資料確認済み・問題上の意図的な誤答","修正不要","完全問題単位で誤答位置と正答番号の整合を確認。公的一次資料の固定が不足","該当主張を直接裏付ける公的一次資料","一次資料の条項・通知箇所を特定後に公式確認へ更新","問題集の完全問題単位を取得"
"A-OTHER-6F64548552","A-OTHER-6F64548552-01","wrong_choice","wrong_choice","施術後に皮膚を消毒すれば、血液に触れていない器具の消毒は省略できる","A1","選択肢又は公式過去問として正答判定へ直接影響","yes","419","シェービング後の皮膚処置として、最も適切なものはどれか。","1.発赤の有無にかかわらず、収れん作用の強い薬剤を同じ量だけ塗布する | 2.施術前に異常がなければ、施術後の発赤は一時的なものとして観察を省略する | 3.皮膚状態に応じて、鎮静・保湿などの処置を行う | 4.施術後に皮膚を消毒すれば、血液に触れていない器具の消毒は省略できる","3","シェービング後の皮膚は刺激を受けやすいため、発赤、傷、乾燥等を確認し、状態に応じて鎮静や保湿等の処置を行う。器具消毒の代わりにはならないため、③が正しい。","","","参考資料確認済み・問題上の意図的な誤答","修正不要","完全問題単位で誤答位置と正答番号の整合を確認。公的一次資料の固定が不足","該当主張を直接裏付ける公的一次資料","一次資料の条項・通知箇所を特定後に公式確認へ更新","問題集の完全問題単位を取得"
"A-OTHER-EFB1BB0ADE","A-OTHER-EFB1BB0ADE-01","wrong_choice","wrong_choice","【観点1】界面活性剤は酸化作用によって毛髪中のメラニンを分解することを主目的とする。","A1","選択肢又は公式過去問として正答判定へ直接影響","yes","492","香粧品成分の「香粧品化学：界面活性剤」と「香粧品化学：着色剤」に関する次の記述のうち、いずれの内容も正しいものはどれか。","1.【観点1】乳化とは、水相と油相の一方を他方へ細かく分散させ、安定な状態に近づけることである。
【観点2】製品中の微生物増殖を抑えることを主目的に用いられる。 | 2.【観点1】界面活性剤は酸化作用によって毛髪中のメラニンを分解することを主目的とする。
【観点2】製品や皮膚・毛髪に色を与える目的で用いられることがある。 | 3.【観点1】界面活性剤は酸化作用によって毛髪中のメラニンを分解することを主目的とする。
【観点2】製品中の微生物増殖を抑えることを主目的に用いられる。 | 4.【観点1】乳化とは、水相と油相の一方を他方へ細かく分散させ、安定な状態に近づけることである。
【観点2】製品や皮膚・毛髪に色を与える目的で用いられることがある。","4","【香粧品化学：界面活性剤】
・乳化とは、水相と油相の一方を他方へ細かく分散させ、安定な状態に近づけることである。 【香粧品化学：着色剤】
・製品や皮膚・毛髪に色を与える目的で用いられることがある。 対象、条件、作用又は手順を取り違えないように整理する。","医薬品医療機器等法・化粧品基準","https://laws.e-gov.go.jp/law/335AC0000000145","公式確認済み・問題上の意図的な誤答","修正不要","完全問題単位で誤答位置と正答番号を確認し、問題に記録された公的一次資料との対応を確認","","","問題集の完全問題単位を取得"
"A-OTHER-ADE64977B3","A-OTHER-ADE64977B3-01","wrong_choice","wrong_choice","【観点1】界面活性剤は酸化作用によって毛髪中のメラニンを分解することを主目的とする。","A1","選択肢又は公式過去問として正答判定へ直接影響","yes","492","香粧品成分の「香粧品化学：界面活性剤」と「香粧品化学：着色剤」に関する次の記述のうち、いずれの内容も正しいものはどれか。","1.【観点1】乳化とは、水相と油相の一方を他方へ細かく分散させ、安定な状態に近づけることである。
【観点2】製品中の微生物増殖を抑えることを主目的に用いられる。 | 2.【観点1】界面活性剤は酸化作用によって毛髪中のメラニンを分解することを主目的とする。
【観点2】製品や皮膚・毛髪に色を与える目的で用いられることがある。 | 3.【観点1】界面活性剤は酸化作用によって毛髪中のメラニンを分解することを主目的とする。
【観点2】製品中の微生物増殖を抑えることを主目的に用いられる。 | 4.【観点1】乳化とは、水相と油相の一方を他方へ細かく分散させ、安定な状態に近づけることである。
【観点2】製品や皮膚・毛髪に色を与える目的で用いられることがある。","4","【香粧品化学：界面活性剤】
・乳化とは、水相と油相の一方を他方へ細かく分散させ、安定な状態に近づけることである。 【香粧品化学：着色剤】
・製品や皮膚・毛髪に色を与える目的で用いられることがある。 対象、条件、作用又は手順を取り違えないように整理する。","医薬品医療機器等法・化粧品基準","https://laws.e-gov.go.jp/law/335AC0000000145","公式確認済み・問題上の意図的な誤答","修正不要","完全問題単位で誤答位置と正答番号を確認し、問題に記録された公的一次資料との対応を確認","","","問題集の完全問題単位を取得"
"A-OTHER-69D3EA1470","A-OTHER-69D3EA1470-01","wrong_choice","wrong_choice","【観点1】陽イオン界面活性剤はシャンプーの主洗浄成分として用いられ、毛髪への吸着性をもたない。","A1","選択肢又は公式過去問として正答判定へ直接影響","yes","495","香粧品成分の「香粧品化学：陰イオン界面活性剤」と「香粧品化学：酸・アルカリ」に関する次の記述のうち、いずれの内容も正しいものはどれか。","1.【観点1】陰イオン界面活性剤は、洗浄力や泡立ちに関係し、シャンプー等に用いられる。
【観点2】水溶液中の溶質の質量百分率を示す指標である。 | 2.【観点1】陽イオン界面活性剤はシャンプーの主洗浄成分として用いられ、毛髪への吸着性をもたない。
【観点2】水溶液の酸性・中性・アルカリ性の程度を示す指標である。 | 3.【観点1】陰イオン界面活性剤は、洗浄力や泡立ちに関係し、シャンプー等に用いられる。
【観点2】水溶液の酸性・中性・アルカリ性の程度を示す指標である。 | 4.【観点1】陽イオン界面活性剤はシャンプーの主洗浄成分として用いられ、毛髪への吸着性をもたない。
【観点2】水溶液中の溶質の質量百分率を示す指標である。","3","【香粧品化学：陰イオン界面活性剤】
・陰イオン界面活性剤は、洗浄力や泡立ちに関係し、シャンプー等に用いられる。 【香粧品化学：酸・アルカリ】
・水溶液の酸性・中性・アルカリ性の程度を示す指標である。 対象、条件、作用又は手順を取り違えないように整理する。","医薬品医療機器等法・化粧品基準","https://laws.e-gov.go.jp/law/335AC0000000145","公式確認済み・問題上の意図的な誤答","修正不要","完全問題単位で誤答位置と正答番号を確認し、問題に記録された公的一次資料との対応を確認","","","問題集の完全問題単位を取得"
"A-OTHER-470C11BFAD","A-OTHER-470C11BFAD-01","wrong_choice","wrong_choice","【観点1】陽イオン界面活性剤はシャンプーの主洗浄成分として用いられ、毛髪への吸着性をもたない。","A1","選択肢又は公式過去問として正答判定へ直接影響","yes","495","香粧品成分の「香粧品化学：陰イオン界面活性剤」と「香粧品化学：酸・アルカリ」に関する次の記述のうち、いずれの内容も正しいものはどれか。","1.【観点1】陰イオン界面活性剤は、洗浄力や泡立ちに関係し、シャンプー等に用いられる。
【観点2】水溶液中の溶質の質量百分率を示す指標である。 | 2.【観点1】陽イオン界面活性剤はシャンプーの主洗浄成分として用いられ、毛髪への吸着性をもたない。
【観点2】水溶液の酸性・中性・アルカリ性の程度を示す指標である。 | 3.【観点1】陰イオン界面活性剤は、洗浄力や泡立ちに関係し、シャンプー等に用いられる。
【観点2】水溶液の酸性・中性・アルカリ性の程度を示す指標である。 | 4.【観点1】陽イオン界面活性剤はシャンプーの主洗浄成分として用いられ、毛髪への吸着性をもたない。
【観点2】水溶液中の溶質の質量百分率を示す指標である。","3","【香粧品化学：陰イオン界面活性剤】
・陰イオン界面活性剤は、洗浄力や泡立ちに関係し、シャンプー等に用いられる。 【香粧品化学：酸・アルカリ】
・水溶液の酸性・中性・アルカリ性の程度を示す指標である。 対象、条件、作用又は手順を取り違えないように整理する。","医薬品医療機器等法・化粧品基準","https://laws.e-gov.go.jp/law/335AC0000000145","公式確認済み・問題上の意図的な誤答","修正不要","完全問題単位で誤答位置と正答番号を確認し、問題に記録された公的一次資料との対応を確認","","","問題集の完全問題単位を取得"
"A-OTHER-8A5294335C","A-OTHER-8A5294335C-02","correct_explanation","wrong_choice","理容所及び美容所における衛生管理要領（昭和５６年６月１日付け環指","A1","選択肢又は公式過去問として正答判定へ直接影響","yes","48","理容師試験の筆記試験科目に含まれないものはどれか。","1.衛生管理 | 2.保健 | 3.運営管理 | 4.理容実技","4","・根拠：理容師法施行規則第12条
・判断基準：理容実技は実技試験の課目であり、筆記試験の課目ではない。衛生管理、保健及び運営管理は、理容師法施行規則第12条に掲げられた筆記試験の課目である。
・注意点：主体、対象、要件、数値、期間、原則と例外を区別して判断する。","理容師法・理容師法施行規則","https://laws.e-gov.go.jp/law/322AC0000000234","公式確認済み・問題上の意図的な誤答","修正不要","完全問題単位で誤答位置と正答番号を確認し、問題に記録された公的一次資料との対応を確認","","","問題集の完全問題単位を取得"
"A-OTHER-05D12F7683","A-OTHER-05D12F7683-01","correct_explanation","wrong_choice","else if(q.category==='disinfection')q.structuredReview={'判断軸':'洗浄と消毒を分け、血液付着の有無、濃度、温度、時間、対象器具を確認する','注意':'薬剤名だけで判断せず、衛生管理要領の条件を一組で確認する'};","A1","選択肢又は公式過去問として正答判定へ直接影響","yes","48","理容師試験の筆記試験科目に含まれないものはどれか。","1.衛生管理 | 2.保健 | 3.運営管理 | 4.理容実技","4","・根拠：理容師法施行規則第12条
・判断基準：理容実技は実技試験の課目であり、筆記試験の課目ではない。衛生管理、保健及び運営管理は、理容師法施行規則第12条に掲げられた筆記試験の課目である。
・注意点：主体、対象、要件、数値、期間、原則と例外を区別して判断する。","理容師法・理容師法施行規則","https://laws.e-gov.go.jp/law/322AC0000000234","公式確認済み・問題上の意図的な誤答","修正不要","完全問題単位で誤答位置と正答番号を確認し、問題に記録された公的一次資料との対応を確認","","","問題集の完全問題単位を取得"
"A-OTHER-8E9FD6EA77","A-OTHER-8E9FD6EA77-01","material_body","wrong_choice","第6 消毒 理容所及び美容所における衛生管理要領（昭和56年6月1日付け環指","A1","選択肢又は公式過去問として正答判定へ直接影響","yes","48","理容師試験の筆記試験科目に含まれないものはどれか。","1.衛生管理 | 2.保健 | 3.運営管理 | 4.理容実技","4","・根拠：理容師法施行規則第12条
・判断基準：理容実技は実技試験の課目であり、筆記試験の課目ではない。衛生管理、保健及び運営管理は、理容師法施行規則第12条に掲げられた筆記試験の課目である。
・注意点：主体、対象、要件、数値、期間、原則と例外を区別して判断する。","理容師法・理容師法施行規則","https://laws.e-gov.go.jp/law/322AC0000000234","公式確認済み・問題上の意図的な誤答","修正不要","完全問題単位で誤答位置と正答番号を確認し、問題に記録された公的一次資料との対応を確認","","","問題集の完全問題単位を取得"
"A-OTHER-87465AE178","A-OTHER-87465AE178-01","ui_rule","wrong_choice","{label:'消毒法',source:12,field:'衛生管理',type:'disinfection',group:'disinfection'},","A1","選択肢又は公式過去問として正答判定へ直接影響","yes","48","理容師試験の筆記試験科目に含まれないものはどれか。","1.衛生管理 | 2.保健 | 3.運営管理 | 4.理容実技","4","・根拠：理容師法施行規則第12条
・判断基準：理容実技は実技試験の課目であり、筆記試験の課目ではない。衛生管理、保健及び運営管理は、理容師法施行規則第12条に掲げられた筆記試験の課目である。
・注意点：主体、対象、要件、数値、期間、原則と例外を区別して判断する。","理容師法・理容師法施行規則","https://laws.e-gov.go.jp/law/322AC0000000234","公式確認済み・問題上の意図的な誤答","修正不要","完全問題単位で誤答位置と正答番号を確認し、問題に記録された公的一次資料との対応を確認","","","問題集の完全問題単位を取得"
